{
    "display": {
      "icon": {
        "id": "minecraft:player_head",
        "components": {
          "minecraft:profile": {
            "properties": [
              {
                "name": "textures",
                "value": "eyJ0ZXh0dXJlcyI6eyJTS0lOIjp7InVybCI6Imh0dHA6Ly90ZXh0dXJlcy5taW5lY3JhZnQubmV0L3RleHR1cmUvZDVkMjAzMzBkYTU5YzIwN2Q3ODM1MjgzOGU5MWE0OGVhMWU0MmI0NWE5ODkzMjI2MTQ0YjI1MWZlOWI5ZDUzNSJ9fX0="
              }
            ]
          }
        }
      },
      "title":{
        "translate": "advancements.bonomen.sculk_boss.title",
        "fallback": "COMING SOON."
    },
    "description": 
    {
        "translate": "advancements.bonomen.sculk_boss.description",
        "fallback": "Lurker of the deep dark..."
    },
      "frame": "goal",
      "show_toast": true,
      "announce_to_chat": true,
      "hidden": false
    },
    "parent": "bonomen:bosses",
    "criteria": {
      "defeat_storm": {
        "trigger": "minecraft:impossible"
      }
    },
    "rewards": {}
  }
  