{
    "type": "minecraft:entity",
    "pools": [
        {
            "bonus_rolls": 0,
            "entries": [
                {
                    "type": "minecraft:item",
                    "functions": [
                        {
                            "add": false,
                            "count": {
                                "type": "minecraft:uniform",
                                "max": 3,
                                "min": 1
                            },
                            "function": "minecraft:set_count"
                        },
                        {
                            "count": {
                                "type": "minecraft:uniform",
                                "max": 1,
                                "min": 0
                            },
                            "enchantment": "minecraft:looting",
                            "function": "minecraft:enchanted_count_increase"
                        }
                    ],
                    "name": "minecraft:copper_ingot"
                }
            ],
            "rolls": 1
        }
    ],
    "random_sequence": "minecraft:entities/copper_golem"
}