{
  "type": "minecraft:entity",
  "pools": [
    {
      "rolls": 16,
      "entries": [
        {
          "type": "minecraft:item",
          "name": "minecraft:packed_ice"
        }
      ]
    },
    {
      "rolls": 1,
      "entries": [
        {
          "type": "minecraft:item",
          "name": "minecraft:enchanted_book",
          "weight": 1,
          "functions": [
            {
              "function": "minecraft:set_enchantments",
              "enchantments": {
                "minecraft:frost_walker": 2
              }
            }
          ],
          "conditions": [
            {
              "condition": "minecraft:random_chance",
              "chance": 0.35
            }
          ]
        }
      ]
    },
    {
      "rolls": 32,
      "entries": [
        {
          "type": "minecraft:item",
          "name": "minecraft:packed_ice",
          "conditions": [
            {
              "condition": "minecraft:random_chance",
              "chance": 0.75
            }
          ]
        }
      ]
    },
    {
      "rolls": 16,
      "entries": [
        {
          "type": "minecraft:item",
          "name": "minecraft:snowball",
          "weight": 1,
          "conditions": [
            {
              "condition": "minecraft:random_chance",
              "chance": 0.5
            }
          ]
        }
      ]
    },
    {
      "rolls": 2,
      "bonus_rolls": 0,
      "entries": [
        {
          "type": "minecraft:item",
          "name": "minecraft:ominous_bottle",
          "weight": 1,
          "functions": [
            {
              "function": "minecraft:set_ominous_bottle_amplifier",
              "amplifier": 2
            }
          ],
          "conditions": [
            {
              "condition": "minecraft:random_chance",
              "chance": 0.75
            }
          ]
        }
      ]
    },
    {
      "rolls": 1,
      "entries": [
        {
          "type": "minecraft:item",
          "name": "minecraft:ominous_bottle",
          "functions": [
            {
              "function": "minecraft:set_ominous_bottle_amplifier",
              "amplifier": 1
            }
          ]
        }
      ]
    }
  ]
}
