{
    "type": "minecraft:entity",
    "pools": [
      {
        "rolls": 5,
        "entries": [
          {
            "type": "minecraft:item",
            "name": "minecraft:wither_rose",
            "conditions": [
              {
                "condition": "minecraft:random_chance",
                "chance": 0.75
              }
            ]
          }
        ]
      },

      {
        "rolls": 5,
        "entries": [
          {
            "type": "minecraft:item",
            "name": "minecraft:bone",
            "weight": 1,
            "conditions": [
              {
                "condition": "minecraft:random_chance",
                "chance": 0.5
              }
            ]
          }
        ]
      },

      {
        "rolls": 1,
        "entries": [
          {
            "type": "minecraft:item",
            "name": "minecraft:music_disc_stal",
            "weight": 40,
            "functions": [
              {
                "function": "minecraft:set_components",
                "components": {
                  "minecraft:item_name": "{\"translate\":\"item.bonomen_disc.name\",\"fallback\":\"Ominous Disc\"}",
                  "minecraft:jukebox_playable": {
                    "song": "bonomen:beginningoftheend"
                  }
                }
              }
            ]
          },
          {
            "type": "minecraft:item",
            "name": "minecraft:music_disc_11",
            "weight": 10,
            "functions": [
              {
                "function": "minecraft:set_components",
                "components": {
                  "minecraft:item_name": "{\"translate\":\"item.bonomen_disc.name\",\"fallback\":\"Ominous Disc\"}",
                  "minecraft:jukebox_playable": {
                    "song": "bonomen:darksun"
                  }
                }
              }
            ]
          },
          {
            "type": "minecraft:item",
            "name": "minecraft:air",
            "weight": 50
          }
        ]
      }


    ]
  }
  