{  
    "type": "minecraft:entity",
    "pools": [
      {
        "rolls": 1,
        "entries": [
          {
            "type": "minecraft:item",
            "name": "minecraft:enchanted_book",
            "weight": 1,
            "functions": [
              {
                "function": "minecraft:set_components",
                "components": {
                  "minecraft:enchantments": {
                    "levels": {
                      "minecraft:channeling": 1
                    },
                    "show_in_tooltip": true
                  }
                }
              }
            ],
            "conditions": [
              {
                "condition": "minecraft:random_chance",
                "chance": 0.25
              }
            ]
          }
        ]
      },
      {
        "rolls": 10,
        "bonus_rolls": 0,
        "entries": [
          {
            "type": "minecraft:item",
            "name": "minecraft:phantom_membrane",
            "weight": 2
          },
          {
            "type": "minecraft:item",
            "name": "minecraft:bone",
            "weight": 1
          }
        ]
      },

      {
        "rolls": 1,
        "entries": [
          {
            "type": "minecraft:item",
            "name": "minecraft:music_disc_otherside",
            "weight": 40,
            "functions": [
              {
                "function": "minecraft:set_components",
                "components": {
                  "minecraft:item_name": "{\"translate\":\"item.bonomen_disc.name\",\"fallback\":\"Ominous Disc\"}",
                  "minecraft:jukebox_playable": {
                    "song": "bonomen:servants_of_the_scourge_noteblock"
                  }
                }
              }
            ]
          },
          {
            "type": "minecraft:item",
            "name": "minecraft:music_disc_11",
            "weight": 10,
            "functions": [
              {
                "function": "minecraft:set_components",
                "components": {
                  "minecraft:item_name": "{\"translate\":\"item.bonomen_disc.name\",\"fallback\":\"Ominous Disc\"}",
                  "minecraft:jukebox_playable": {
                    "song": "bonomen:darksun"
                  }
                }
              }
            ]
          },
          {
            "type": "minecraft:item",
            "name": "minecraft:air",
            "weight": 50
          }
        ]
      },

      {
        "rolls": 2,
        "bonus_rolls": 0,
        "entries": [
          {
            "type": "minecraft:item",
            "name": "minecraft:ominous_bottle",
            "weight": 1,
            "functions": [
              {
                "function": "minecraft:set_ominous_bottle_amplifier",
                "amplifier": 2
              }
            ],
            "conditions": [
              {
                "condition": "minecraft:random_chance",
                "chance": 0.75
              }
            ]
          }
        ]
      },
      {
        "rolls": 1,
        "entries": [
          {
            "type": "minecraft:item",
            "name": "minecraft:ominous_bottle",
            "functions": [
              {
                "function": "minecraft:set_ominous_bottle_amplifier",
                "amplifier": 1
              }
            ]
          }
        ]
      }
    ]
  }
  