{
    "type": "minecraft:entity",
    "pools": [
      {
        "rolls": 1,
        "entries": [
          {
            "type": "minecraft:item",
            "name": "minecraft:enchanted_book",
            "weight": 1,
            "functions": [
              {
                "function": "minecraft:set_enchantments",
                "enchantments": {
                  "minecraft:fire_aspect": 2
                }
              }
            ],
            "conditions": [
              {
                "condition": "minecraft:random_chance",
                "chance": 0.35
              }
            ]
          }
        ]
      },
      {
        "rolls": 1,
        "entries": [
          {
            "type": "minecraft:item",
            "name": "minecraft:music_disc_pigstep",
            "weight": 40,
            "functions": [
              {
                "function": "minecraft:set_components",
                "components": {
                  "minecraft:item_name": "{\"translate\":\"item.bonomen_disc.name\",\"fallback\":\"Ominous Disc\"}",
                  "minecraft:jukebox_playable": {
                    "song": "bonomen:pigstep_synthwave"
                  }
                }
              }
            ]
          },
          {
            "type": "minecraft:item",
            "name": "minecraft:music_disc_11",
            "weight": 10,
            "functions": [
              {
                "function": "minecraft:set_components",
                "components": {
                  "minecraft:item_name": "{\"translate\":\"item.bonomen_disc.name\",\"fallback\":\"Ominous Disc\"}",
                  "minecraft:jukebox_playable": {
                    "song": "bonomen:darksun"
                  }
                }
              }
            ]
          },
          {
            "type": "minecraft:item",
            "name": "minecraft:air",
            "weight": 50
          }
        ]
      },
      {
        "rolls": 8,
        "entries": [
          {
            "type": "minecraft:item",
            "name": "minecraft:cooked_porkchop",
            "conditions": [
              {
                "condition": "minecraft:random_chance",
                "chance": 0.75
              }
            ]
          }
        ]
      },
      {
        "rolls": 8,
        "entries": [
          {
            "type": "minecraft:item",
            "name": "minecraft:gold_ingot",
            "weight": 1,
            "conditions": [
              {
                "condition": "minecraft:random_chance",
                "chance": 0.5
              }
            ]
          }
        ]
      },
      {
        "rolls": 1,
        "entries": [
          {
            "type": "minecraft:item",
            "name": "minecraft:piglin_banner_pattern",
            "weight": 1,
            "conditions": [
              {
                "condition": "minecraft:random_chance",
                "chance": 0.5
              }
            ]
          }
        ]
      },



      
      {
        "rolls": 2,
        "bonus_rolls": 0,
        "entries": [
          {
            "type": "minecraft:item",
            "name": "minecraft:ominous_bottle",
            "weight": 1,
            "functions": [
              {
                "function": "minecraft:set_ominous_bottle_amplifier",
                "amplifier": 2
              }
            ],
            "conditions": [
              {
                "condition": "minecraft:random_chance",
                "chance": 0.75
              }
            ]
          }
        ]
      },
      {
        "rolls": 1,
        "entries": [
          {
            "type": "minecraft:item",
            "name": "minecraft:ominous_bottle",
            "functions": [
              {
                "function": "minecraft:set_ominous_bottle_amplifier",
                "amplifier": 1
              }
            ]
          }
        ]
      }
    ]
  }
  