{
    "criteria": {
      "requirement": {
        "trigger": "minecraft:inventory_changed",
        "conditions": {
          "items": [
            {
              "items": "minecraft:copper_ingot"
            }
          ]
        }
      }
    },
    "rewards": {
      "recipes": [
        "bonomen:grapple_hook",
        "bonomen:grapple_rope",
        "bonomen:copper/helmet",
        "bonomen:copper/chestplate",
        "bonomen:copper/leggings",
        "bonomen:copper/boots",
        "bonomen:copper/sword",
        "bonomen:copper/hoe",
        "bonomen:copper/shovel",
        "bonomen:copper/pickaxe",
        "bonomen:copper/axe"
      ]
    }
  }
  