{
    "criteria": {
      "requirement": {
        "trigger": "minecraft:inventory_changed",
        "conditions": {
          "items": [
            {
              "items": "minecraft:gold_ingot"
            }
          ]
        }
      }
    },
    "rewards": {
      "recipes": [
        "bonomen:rose_gold/helmet",
        "bonomen:rose_gold/chestplate",
        "bonomen:rose_gold/leggings",
        "bonomen:rose_gold/boots",
        "bonomen:rose_gold/sword",
        "bonomen:rose_gold/hoe",
        "bonomen:rose_gold/shovel",
        "bonomen:rose_gold/pickaxe",
        "bonomen:rose_gold/axe"
      ]
    }
  }
  