{
	"type": "minecraft:multi_action",
	"title": "Quick Actions",
	"body": [
		{
			"type": "minecraft:plain_message",
			"contents": {
				"text": "A very ergonomic menu!\nNo more typing commands in chat!\n(message made by The Server :D)"
			},
			"width": 300
		}
	],
	"inputs": [],
	"can_close_with_escape": true,
	"after_action": "close",
	"exit_action": {
		"label": "Exit"
	},
	"columns": 1,
	"actions": [
		{
			"label": "Toggle Location",
			"tooltip": "Self-explanatory, toggles your location on the LOCATOR BAR.",
			"width": 150,
			"action": {
				"type": "run_command",
				"command": "/trigger togglelocation"
			}
		},
		{
			"label": "Toggle Locator Bar",
			"tooltip": "Self-explanatory, toggles the LOCATOR BAR.",
			"width": 150,
			"action": {
				"type": "run_command",
				"command": "/trigger togglelocatorbar"
			}
		},
		{
			"label": "Sit Down",
			"tooltip": "Makes you sit down, cannot be used mid-air. Good for roleplaying!",
			"width": 150,
			"action": {
				"type": "run_command",
				"command": "/trigger sit"
			}
		},
		{
			"label": "Show Graves",
			"tooltip": "Shows a list of your GRAVES currently in the world.",
			"width": 150,
			"action": {
				"type": "run_command",
				"command": "/trigger graves"
			}
		}
	]
}