{
  "pools": [
    {
      "rolls": 1,
      "entries": [
        {
          "type": "minecraft:item",
          "name": "minecraft:cooked_mutton",
          "functions": [
            {
              "function": "minecraft:set_custom_data",
              "tag": {"id":"WOLF_MEAT"}
            },
            {
              "function": "minecraft:set_lore",
              "lore": [
                {
                  "translate":"item.wolf_meat.lore",
                  "text": "A poor, lost soul...",
                  "color": "gray",
                  "italic": true
                }
              ],
              "mode": "replace_all"
            },
            {
              "function": "minecraft:set_name",
              "entity": "this",
              "target": "item_name",
              "name": [
                {
                  "translate": "item.wolf_meat.name",
                  "fallback": "Meat of %1$s",
                  "with": [
                    {
                      "selector": "@s"
                    }
                  ]
                }
              ]
            }
          ]
        }
      ]
    }
  ]
}
