{
    "type": "minecraft:smithing_transform",
    "template": {
      "item": "minecraft:redstone"
    },
    "base": {
      "item": "minecraft:golden_chestplate"
    },
    "addition": {
      "item": "minecraft:copper_block"
    },
    "result": {
      "id": "minecraft:leather_chestplate",
      "components": {
        "minecraft:item_name": "{\"fallback\":\"Rose Gold Chestplate\",\"translate\":\"item.rose_gold_chestplate.name\"}",
        "minecraft:max_damage": 385,
        "minecraft:custom_data": {"id":"ROSE_GOLD_CHESTPLATE"},
        "minecraft:attribute_modifiers": {
          "modifiers": [
            {
              "id": "rose_gold_chestplate",
              "type": "minecraft:generic.armor",
              "amount": 7,
              "operation": "add_value",
              "slot":"chest"
            },
            {
              "id": "rgc_at",
              "type": "minecraft:generic.armor_toughness",
              "amount": 1,
              "operation": "add_value",
              "slot":"chest"
            }
          ],
          "show_in_tooltip": true
        },
        "minecraft:dyed_color": {
          "rgb": 16756625,
          "show_in_tooltip": false
        }
      }
    }
  }
  