{
    "type": "minecraft:smithing_transform",
    "template": {
      "item": "minecraft:redstone"
    },
    "base": {
      "item": "minecraft:golden_helmet"
    },
    "addition": {
      "item": "minecraft:copper_block"
    },
    "result": {
      "id": "minecraft:leather_helmet",
      "components": {
        "minecraft:item_name": "{\"fallback\":\"Rose Gold Helmet\",\"translate\":\"item.rose_gold_helmet.name\"}",
        "minecraft:max_damage": 265,
        "minecraft:custom_data": {"id":"ROSE_GOLD_HELMET"},
        "minecraft:attribute_modifiers": {
          "modifiers": [
            {
              "id": "rose_gold_helmet",
              "type": "minecraft:generic.armor",
              "amount": 2,
              "operation": "add_value",
              "slot":"head"
            },
            {
              "id": "rgh_at",
              "type": "minecraft:generic.armor_toughness",
              "amount": 1,
              "operation": "add_value",
              "slot":"head"
            }
          ],
          "show_in_tooltip": true
        },
        "minecraft:dyed_color": {
          "rgb": 16756625,
          "show_in_tooltip": false
        }
      }
    }
  }
  