{
    "type": "minecraft:smithing_transform",
    "template": {
      "item": "minecraft:redstone"
    },
    "base": {
      "item": "minecraft:golden_hoe"
    },
    "addition": {
      "item": "minecraft:copper_block"
    },
    "result": {
      "id": "minecraft:iron_hoe",
      "components": {
        "minecraft:item_name": "{\"fallback\":\"Rose Gold Hoe\",\"translate\":\"item.rose_gold_hoe.name\"}",
        "minecraft:max_damage": 905,
        "minecraft:custom_model_data": 807001,
        "minecraft:custom_data": {"id":"ROSE_GOLD_HOE"},
        "minecraft:attribute_modifiers": {
          "modifiers": [
            { 
            "id":"base_attack_damage",
            "type":"generic.attack_damage",
            "amount":0,
            "operation":"add_value",
            "slot":"mainhand"
            },
            {
              "id":"base_attack_speed",
              "type":"generic.attack_speed",
              "amount":-0.5,
              "operation":"add_value",
              "slot":"mainhand"
            }
          ],
          "show_in_tooltip": true
        },
        "minecraft:tool": {"default_mining_speed":1.0,"rules":[{"blocks":"#minecraft:mineable/hoe","speed":7.25,"correct_for_drops":true},{"blocks":"#minecraft:incorrect_for_iron_tool","correct_for_drops":false}]}
      }
    }
  }
  