{
    "type": "minecraft:smithing_transform",
    "template": {
      "item": "minecraft:redstone"
    },
    "base": {
      "item": "minecraft:golden_leggings"
    },
    "addition": {
      "item": "minecraft:copper_block"
    },
    "result": {
      "id": "minecraft:leather_leggings",
      "components": {
        "minecraft:item_name": "{\"fallback\":\"Rose Gold Leggings\",\"translate\":\"item.rose_gold_leggings.name\"}",
        "minecraft:max_damage": 365,
        "minecraft:custom_data": {"id":"ROSE_GOLD_LEGGINGS"},
        "minecraft:attribute_modifiers": {
          "modifiers": [
            {
              "id": "rose_gold_leggings",
              "type": "minecraft:generic.armor",
              "amount": 6,
              "operation": "add_value",
              "slot":"legs"
            },
            {
              "id": "rgl_at",
              "type": "minecraft:generic.armor_toughness",
              "amount": 1,
              "operation": "add_value",
              "slot":"legs"
            }
          ],
          "show_in_tooltip": true
        },
        "minecraft:dyed_color": {
          "rgb": 16756625,
          "show_in_tooltip": false
        }
      }
    }
  }
  