{
    "type": "minecraft:smithing_transform",
    "template": {
      "item": "minecraft:redstone"
    },
    "base": {
      "item": "minecraft:golden_sword"
    },
    "addition": {
      "item": "minecraft:copper_block"
    },
    "result": {
      "id": "minecraft:iron_sword",
      "components": {
        "minecraft:item_name": "{\"fallback\":\"Rose Gold Sword\",\"translate\":\"item.rose_gold_sword.name\"}",
        "minecraft:max_damage": 905,
        "minecraft:custom_model_data": 807001,
        "minecraft:custom_data": {"id":"ROSE_GOLD_SWORD"},
        "minecraft:attribute_modifiers": {
          "modifiers": [
            { 
              "id":"base_attack_damage",
              "type":"generic.attack_damage",
              "amount":5.5,
              "operation":"add_value",
              "slot":"mainhand"
              },
              {
                "id":"base_attack_speed",
                "type":"generic.attack_speed",
                "amount":-2.4,
                "operation":"add_value",
                "slot":"mainhand"
              }
          ],
          "show_in_tooltip": true
        },
        "minecraft:tool": {"default_mining_speed":1.0,"damage_per_block":2,"rules":[{"blocks":"#minecraft:sword_efficient","speed":1.5,"correct_for_drops":true},{"blocks":"minecraft:cobweb","correct_for_drops":true,"speed":15}]}
      }
    }
  }
  