{
    "display": {
        "title":{
            "translate": "bonrestrict.name",
            "fallback": "Progression Restrictions"
        },
        "description": 
        {
            "translate": "bonrestrict.description",
            "fallback": "Take That, Speedrunners!\n\n(Server Utility)"
        },
        "icon": {
            "id": "minecraft:barrier"
        },
        "announce_to_chat": false,
        "show_toast": false,
        "frame": "goal"
    },
    "parent": "global:-bonbon",
    "criteria": {
        "trigger": {
            "trigger": "minecraft:tick"
        }
    }
}