{
  "type": "minecraft:crafting_shaped",
  "category": "equipment",
  "pattern": [
    "1 1",
    "1 1"
  ],
  "key": {
    "1": {
      "item": "minecraft:copper_ingot"
    }
  },
  "result": {
    "id": "minecraft:leather_boots",
    "count": 1,
    "components": {
        "minecraft:item_name": "{\"fallback\":\"Copper Boots\",\"translate\":\"item.copper_boots.name\"}",
        "minecraft:max_damage": 195,
        "minecraft:custom_data": {"id":"COPPER_BOOTS"},
        "minecraft:attribute_modifiers": {
          "modifiers": [
            {
              "id": "copper_boots",
              "type": "minecraft:generic.armor",
              "amount": 1,
              "operation": "add_value",
              "slot":"feet"
            }
          ],
          "show_in_tooltip": true
        },
        "minecraft:dyed_color": {
          "rgb": 16752238,
          "show_in_tooltip": false
        }
    }
  }
}
