{
  "type": "minecraft:crafting_shaped",
  "category": "equipment",
  "pattern": [
    "1 1",
    "111",
    "111"
  ],
  "key": {
    "1": {
      "item": "minecraft:copper_ingot"
    }
  },
  "result": {
    "id": "minecraft:leather_chestplate",
    "count": 1,
    "components": {
        "minecraft:item_name": "{\"fallback\":\"Copper Chestplate\",\"translate\":\"item.copper_chestplate.name\"}",
        "minecraft:max_damage": 240,
        "minecraft:custom_data": {"id":"COPPER_CHESTPLATE"},
        "minecraft:attribute_modifiers": {
          "modifiers": [
            {
              "id": "copper_chestplate",
              "type": "minecraft:generic.armor",
              "amount": 5,
              "operation": "add_value",
              "slot":"chest"
            }
          ],
          "show_in_tooltip": true
        },
        "minecraft:dyed_color": {
          "rgb": 16752238,
          "show_in_tooltip": false
        }
    }
  }
}
