{
  "type": "minecraft:crafting_shaped",
  "category": "equipment",
  "pattern": [
    "11",
    " -",
    " -"
  ],
  "key": {
    "1": {
      "item": "minecraft:copper_ingot"
    },
    "-": {
      "item": "minecraft:stick"
    }
  },
  "result": {
    "id": "minecraft:wooden_hoe",
    "count": 1,
    "components": {
        "minecraft:item_name": "{\"fallback\":\"Copper Hoe\",\"translate\":\"item.copper_hoe.name\"}",
        "minecraft:max_damage": 210,
        "minecraft:custom_model_data": 807001,
        "minecraft:custom_data": {"id":"COPPER_HOE"},
        "minecraft:attribute_modifiers": {
          "modifiers": [
            {"id":"base_attack_damage","type":"generic.attack_damage","amount":0,"operation":"add_value","slot":"mainhand"},{"id":"base_attack_speed","type":"generic.attack_speed","amount":-1.5,"operation":"add_value","slot":"mainhand"}
          ],
          "show_in_tooltip": true
        },
        "minecraft:tool": {"default_mining_speed":1.0,"rules":[{"blocks":"#minecraft:mineable/hoe","speed":5,"correct_for_drops":true},{"blocks":"#minecraft:incorrect_for_stone_tool","correct_for_drops":false}]}
    }
  }
}
