{
  "type": "minecraft:crafting_shaped",
  "category": "equipment",
  "pattern": [
    "1",
    "1",
    "-"
  ],
  "key": {
    "1": {
      "item": "minecraft:copper_ingot"
    },
    "-": {
      "item": "minecraft:stick"
    }
  },
  "result": {
    "id": "minecraft:wooden_sword",
    "count": 1,
    "components": {
        "minecraft:item_name": "{\"fallback\":\"Copper Sword\",\"translate\":\"item.copper_sword.name\"}",
        "minecraft:max_damage": 210,
        "minecraft:custom_model_data": 807001,
        "minecraft:custom_data": {"id":"COPPER_SWORD"},
        "minecraft:attribute_modifiers": {
          "modifiers": [
            {"id":"base_attack_damage","type":"generic.attack_damage","amount":4.5,"operation":"add_value","slot":"mainhand"},{"id":"base_attack_speed","type":"generic.attack_speed","amount":-2.4,"operation":"add_value","slot":"mainhand"}
          ],
          "show_in_tooltip": true
        },
        "minecraft:tool": {"default_mining_speed":1.0,"damage_per_block":2,"rules":[{"blocks":"#minecraft:sword_efficient","speed":1.5,"correct_for_drops":true},{"blocks":"minecraft:cobweb","correct_for_drops":true,"speed":15}]}
    }
  }
}
