{
    "type": "minecraft:crafting_shaped",
    "pattern": [
      "010",
      " 2 ",
      "333"
    ],
    "key": {
      "0": {
        "item": "minecraft:cooked_porkchop"
      },
      "1": {
        "item": "minecraft:ominous_bottle"
      },
      "2": {
        "item": "minecraft:blaze_rod"
      },
      "3": {
        "item": "minecraft:quartz"
      }
    },
    "result": {
      "id": "minecraft:cooked_porkchop",
      "count": 1,
      "components": {
        "minecraft:lore": [
          "{\"translate\":\"item.beast_porkchop.lore\", \"fallback\": \"§8§oSummons the Piglin Beast\"}"
        ],
        "minecraft:custom_data": {"id":"BEAST_PORKCHOP","preventinteracting":true},
        "minecraft:custom_model_data": 807005,
        "minecraft:item_name": "{\"translate\":\"item.beast_porkchop.name\", \"fallback\": \"§6Well-Done Porkchop\"}",
        "minecraft:max_stack_size": 1,
        "minecraft:enchantment_glint_override": true,
        "minecraft:food": {
          "nutrition": 0,
          "saturation": 0,
          "can_always_eat": true,
          "eat_seconds": 2147483647
        }
      }
    }
  }
  