{
    "type": "minecraft:crafting_shaped",
    "pattern": [
      "020",
      "313",
      "020"
    ],
    "key": {
      "0": {
        "item": "minecraft:prismarine_shard"
      },
      "1": {
        "item": "minecraft:ominous_bottle"
      },
      "2": {
        "item": "minecraft:prismarine_crystals"
      },
      "3": {
        "item": "minecraft:nautilus_shell"
      }
    },
    "result": {
      "id": "minecraft:nautilus_shell",
      "count": 1,
      "components": {
        "minecraft:lore": [
          "{\"translate\":\"item.guardian_conch.lore\", \"fallback\": \"§8§oSummons the Lost Guardians, when used in a ocean biome.\"}"
        ],
        "minecraft:custom_data": {"id":"GUARDIAN_CONCH"},
        "minecraft:custom_model_data": 807000,
        "minecraft:item_name": "{\"translate\":\"item.guardian_conch.name\", \"fallback\": \"§6Prismarine Conch\"}",
        "minecraft:max_stack_size": 1,
        "minecraft:enchantment_glint_override": true,
        "minecraft:food": {
          "nutrition": 0,
          "saturation": 0,
          "can_always_eat": true,
          "eat_seconds": 2147483647
        }
      }
    }
  }
  