{
    "type": "minecraft:crafting_shaped",
    "pattern": [
      "030",
      "212",
      "030"
    ],
    "key": {
      "0": {
        "item": "minecraft:snow_block"
      },
      "1": {
        "item": "minecraft:ominous_bottle"
      },
      "2": {
        "item": "minecraft:lapis_block"
      },
      "3": {
        "item": "minecraft:amethyst_shard"
      }
    },
    "result": {
      "id": "minecraft:prismarine_shard",
      "count": 1,
      "components": {
        "minecraft:lore": [
          "{\"translate\":\"item.ice_shard.lore\", \"fallback\": \"§8§oSummons Permafrost\"}"
        ],
        "minecraft:custom_data": {"id":"ICE_SHARD"},
        "minecraft:custom_model_data": 807006,
        "minecraft:item_name": "{\"translate\":\"item.ice_shard.name\", \"fallback\": \"§6Frost Shard\"}",
        "minecraft:max_stack_size": 1,
        "minecraft:enchantment_glint_override": true,
        "minecraft:food": {
          "nutrition": 0,
          "saturation": 0,
          "can_always_eat": true,
          "eat_seconds": 2147483647
        }
      }
    }
  }
  