{
  "type": "minecraft:crafting_shaped",
  "pattern": [
    "LPL",
    "SBS",
    "i i"
  ],
  "key": {
    "B": {
      "item": "minecraft:breeze_rod"
    },
    "L": {
      "item": "minecraft:leather"
    },
    "P": {
      "item": "minecraft:phantom_membrane"
    },
    "S": {
      "item": "minecraft:string"
    },
    "i": {
      "item": "minecraft:iron_ingot"
    }
  },
  "result": {
    "id": "minecraft:saddle",
    "count": 1,
    "components": {
      "minecraft:item_name":"{\"translate\":\"item.paraglider.name\", \"fallback\": \"Paraglider\"}",
      "minecraft:lore": [
          "{\"translate\":\"item.paraglider.lore\", \"fallback\": \"§8§oHold to glide, you can't interact with anything while doing so\"}"
      ],
      "minecraft:rarity": "common",
      "minecraft:custom_data":{"id":"PARAGLIDER_V2","preventinteracting":true},
      "minecraft:max_stack_size": 1,
      "minecraft:custom_model_data": 807002,
      "minecraft:max_damage": 850,
      "minecraft:damage": 0
    }
  }
}
