{
    "category": "equipment",
    "type": "minecraft:crafting_shaped",
    "pattern": [
        " # ",
        "#R#",
        " # "
    ],
    "key": {
        "#": {
            "item": "minecraft:ender_pearl"
        },
        "R": {
            "item": "minecraft:recovery_compass"
        }
    },
    "result": {
      "id": "minecraft:recovery_compass",
      "count": 1,
      "components": {
        "minecraft:item_name": "{\"translate\":\"item.recoverer_compass.name\", \"fallback\": \"Enchanted Recovery Compass\"}",
        "minecraft:lore": [
          "{\"translate\":\"item.recoverer_compass.lore\", \"fallback\": \"§8§oUse to teleport back to your last death\"}"
        ],
        "minecraft:food": {
          "nutrition": 0,
          "saturation": 0,
          "can_always_eat": true,
          "eat_seconds": 2147483647
        },
        "minecraft:custom_model_data": 807000,
        "minecraft:custom_data":{"id":"RECOVERER_COMPASS"},
        "minecraft:enchantment_glint_override": true,
        "minecraft:rarity": "rare",
        "minecraft:max_stack_size": 1
      }
    }
  }
  