{
    "type": "minecraft:crafting_shaped",
    "pattern": [
      "010",
      " 2 ",
      "333"
    ],
    "key": {
      "0": {
        "item": "minecraft:lightning_rod"
      },
      "1": {
        "item": "minecraft:ominous_bottle"
      },
      "2": {
        "item": "minecraft:phantom_membrane"
      },
      "3": {
        "item": "minecraft:iron_ingot"
      }
    },
    "result": {
      "id": "minecraft:phantom_membrane",
      "count": 1,
      "components": {
        "minecraft:lore": [
          "{\"translate\":\"item.storm_membrane.lore\", \"fallback\": \"§8§oSummons the Tempest Phantom, in the Overworld\"}"
        ],
        "minecraft:custom_data": {"id":"STORM_MEMBRANE"},
        "minecraft:custom_model_data": 807001,
        "minecraft:item_name": "{\"translate\":\"item.storm_membrane.name\", \"fallback\": \"§6Storm-Infused Membrane\"}",
        "minecraft:max_stack_size": 1,
        "minecraft:enchantment_glint_override": true,
        "minecraft:food": {
          "nutrition": 0,
          "saturation": 0,
          "can_always_eat": true,
          "eat_seconds": 2147483647
        }
      }
    }
  }
  