{
    "display": {
        "title":{
            "translate": "advancements.bonomen.bosses.title",
            "fallback": "Bosses"
        },
        "description": 
        {
            "translate": "advancements.bonomen.bosses.description",
            "fallback": "§5The trials await you"
        },
        "icon": {
            "id": "minecraft:netherite_sword"
        },
        "announce_to_chat": false,
        "show_toast": false,
        "frame": "challenge"
    },
    "parent": "bonomen:watermark",
    "criteria": {
        "trigger": {
            "trigger": "minecraft:tick"
        }
    }
}