{
    "display": {
      "icon": {
        "id": "minecraft:player_head",
        "components": {
          "minecraft:profile": {
            "properties": [
              {
                "name": "textures",
                "value": "eyJ0ZXh0dXJlcyI6eyJTS0lOIjp7InVybCI6Imh0dHA6Ly90ZXh0dXJlcy5taW5lY3JhZnQubmV0L3RleHR1cmUvNzQ2ODMwZGE1ZjgzYTNhYWVkODM4YTk5MTU2YWQ3ODFhNzg5Y2ZjZjEzZTI1YmVlZjdmNTRhODZlNGZhNCJ9fX0="
              }
            ]
          }
        }
      },
      "title":{
        "translate": "advancements.bonomen.defeat_storm.title",
        "fallback": "Roaring Storms"
    },
    "description": 
    {
        "translate": "advancements.bonomen.defeat_storm.description",
        "fallback": "Defeat the Tempest Phantom, The Storm Bearer"
    },
      "frame": "goal",
      "show_toast": true,
      "announce_to_chat": true,
      "hidden": false
    },
    "parent": "bonomen:bosses",
    "criteria": {
      "defeat_storm": {
        "trigger": "minecraft:impossible"
      }
    },
    "rewards": {}
  }
  