{
    "display": {
      "icon": {
        "id": "minecraft:player_head",
        "components": {
          "minecraft:profile": {
            "properties": [
              {
                "name": "textures",
                "value": "eyJ0ZXh0dXJlcyI6eyJTS0lOIjp7InVybCI6Imh0dHA6Ly90ZXh0dXJlcy5taW5lY3JhZnQubmV0L3RleHR1cmUvYmQyNTIyM2Q4OGVmZmE4MGRhMTRmZTVkOTYxYWY0YWE4Nzg1ZjRjNzQyNWQ0NWM3OWU2YzNhMjFkYTY0YmM0MSJ9fX0="
              }
            ]
          }
        }
      },
      "title":{
        "translate": "advancements.bonomen.defeat_ice.title",
        "fallback": "Breaking the Ice"
    },
    "description": 
    {
        "translate": "advancements.bonomen.defeat_ice.description",
        "fallback": "Defeat Permafrost, Master of Ice"
    },
      "frame": "goal",
      "show_toast": true,
      "announce_to_chat": true,
      "hidden": false
    },
    "parent": "bonomen:bosses",
    "criteria": {
      "defeat_storm": {
        "trigger": "minecraft:impossible"
      }
    },
    "rewards": {}
  }
  