{
    "display": {
      "icon": {
        "id": "minecraft:player_head",
        "components": {
          "minecraft:profile": {
            "properties": [
              {
                "name": "textures",
                "value": "eyJ0ZXh0dXJlcyI6eyJTS0lOIjp7InVybCI6Imh0dHA6Ly90ZXh0dXJlcy5taW5lY3JhZnQubmV0L3RleHR1cmUvYjhlNzI1Nzc5YzIzNGM1OTBjY2U4NTRkYjVjMTA0ODVlZDhkOGEzM2ZhOWIyYmRjMzQyNGI2OGJiMTM4MGJlZCJ9fX0="
              }
            ]
          }
        }
      },
      "title":{
        "translate": "advancements.bonomen.defeat_guardian_duo.title",
        "fallback": "The Power of Two"
    },
    "description": 
    {
        "translate": "advancements.bonomen.defeat_guardian_duo.description",
        "fallback": "Defeat the Lost Guardians, Twins of the Tides"
    },
      "frame": "goal",
      "show_toast": true,
      "announce_to_chat": true,
      "hidden": false
    },
    "parent": "bonomen:bosses",
    "criteria": {
      "defeat_wither": {
        "trigger": "minecraft:impossible"
      }
    },
    "rewards": {}
  }