{
    "display": {
      "icon": {
        "id": "minecraft:piglin_head"
      },
      "title":{
        "translate": "advancements.bonomen.defeat_piglin.title",
        "fallback": "Poached Pork"
    },
    "description": 
    {
        "translate": "advancements.bonomen.defeat_piglin.description",
        "fallback": "Defeat the Piglin Beast, Legend of the Nether"
    },
      "frame": "goal",
      "show_toast": true,
      "announce_to_chat": true,
      "hidden": false
    },
    "parent": "bonomen:bosses",
    "criteria": {
      "defeat_wither": {
        "trigger": "minecraft:impossible"
      }
    },
    "rewards": {}
  }
  