{
  "display": {
    "icon": {
      "id": "minecraft:dragon_head"
    },
    "title":{
      "translate": "advancements.bonomen.defeat_dragon.title",
      "fallback": "Chapter Complete"
  },
  "description": 
  {
      "translate": "advancements.bonomen.defeat_dragon.description",
      "fallback": "Defeat the Ender Dragon, Monarch of the End §8(This Boss is Reworked from Vanilla!)"
  },
    "frame": "goal",
    "show_toast": true,
    "announce_to_chat": true,
    "hidden": false
  },
  "parent": "bonomen:bosses",
  "criteria": {
    "defeat_dragon": {
      "trigger": "minecraft:impossible"
    }
  },
  "rewards": {}
}
