{
    "display": {
      "icon": {
        "id": "minecraft:wither_skeleton_skull"
      },
      "title":{
        "translate": "advancements.bonomen.defeat_wither.title",
        "fallback": "Decaying Skulls"
    },
    "description": 
    {
        "translate": "advancements.bonomen.defeat_wither.description",
        "fallback": "Defeat the Wither §8(This Boss is Reworked from Vanilla!)"
    },
      "frame": "goal",
      "show_toast": true,
      "announce_to_chat": true,
      "hidden": false
    },
    "parent": "bonomen:bosses",
    "criteria": {
      "defeat_wither": {
        "trigger": "minecraft:impossible"
      }
    },
    "rewards": {}
  }
  