{
    "display": {
      "icon": {
        "id": "minecraft:iron_sword",
        "components": {
          "minecraft:custom_model_data": 807001
        }
      },
      "title":{
        "translate": "advancements.bonomen.get_rose_gold_gear.title",
        "fallback": "Powering Alloys"
    },
    "description": 
    {
        "translate": "advancements.bonomen.get_rose_gold_gear.description",
        "fallback": "Make Rose Gold Gear using Redstone Dust, a Copper Block, and any type of Gold Gear in a Smithing Table"
    }
    },
    "parent": "bonomen:get_copper_gear",
    
  "criteria": {
    "boots": {
      "trigger": "minecraft:inventory_changed",
      "conditions": {
        "items": [
          {
            "items": "minecraft:leather_boots",
            "components": {
              "minecraft:custom_data": {"id":"ROSE_GOLD_BOOTS"}
            }
          }
        ]
      }
    },
    "chestplate": {
      "trigger": "minecraft:inventory_changed",
      "conditions": {
        "items": [
          {
            "items": "minecraft:leather_chestplate",
            "components": {
              "minecraft:custom_data": {"id":"ROSE_GOLD_CHESTPLATE"}
            }
          }
        ]
      }
    },
    "helmet": {
      "trigger": "minecraft:inventory_changed",
      "conditions": {
        "items": [
          {
            "items": "minecraft:leather_helmet",
            "components": {
              "minecraft:custom_data": {"id":"ROSE_GOLD_HELMET"}
            }
          }
        ]
      }
    },
    "leggings": {
      "trigger": "minecraft:inventory_changed",
      "conditions": {
        "items": [
          {
            "items": "minecraft:leather_leggings",
            "components": {
              "minecraft:custom_data": {"id":"ROSE_GOLD_LEGGINGS"}
            }
          }
        ]
      }
    },
    "sword": {
      "trigger": "minecraft:inventory_changed",
      "conditions": {
        "items": [
          {
            "items": "minecraft:iron_sword",
            "components": {
              "minecraft:custom_data": {"id":"ROSE_GOLD_SWORD"}
            }
          }
        ]
      }
    },
    "axe": {
      "trigger": "minecraft:inventory_changed",
      "conditions": {
        "items": [
          {
            "items": "minecraft:iron_axe",
            "components": {
              "minecraft:custom_data": {"id":"ROSE_GOLD_AXE"}
            }
          }
        ]
      }
    },
    "hoe": {
      "trigger": "minecraft:inventory_changed",
      "conditions": {
        "items": [
          {
            "items": "minecraft:iron_hoe",
            "components": {
              "minecraft:custom_data": {"id":"ROSE_GOLD_HOE"}
            }
          }
        ]
      }
    },
    "shovel": {
      "trigger": "minecraft:inventory_changed",
      "conditions": {
        "items": [
          {
            "items": "minecraft:iron_shovel",
            "components": {
              "minecraft:custom_data": {"id":"ROSE_GOLD_SHOVEL"}
            }
          }
        ]
      }
    },
    "pickaxe": {
      "trigger": "minecraft:inventory_changed",
      "conditions": {
        "items": [
          {
            "items": "minecraft:iron_pickaxe",
            "components": {
              "minecraft:custom_data": {"id":"ROSE_GOLD_PICKAXE"}
            }
          }
        ]
      }
    }
  },
  "requirements": [
    [
      "helmet",
      "chestplate",
      "leggings",
      "boots",
      "sword",
      "axe",
      "hoe",
      "shovel",
      "pickaxe"
    ]
  ]
  }
  