{
    "display": {
      "icon": {
        "id": "minecraft:wooden_sword",
        "components": {
          "minecraft:custom_model_data": 807001
        }
      },
      "title":{
        "translate": "advancements.bonomen.get_copper_gear.title",
        "fallback": "Made in a Cave with Scraps"
    },
    "description": 
    {
        "translate": "advancements.bonomen.get_copper_gear.description",
        "fallback": "Make Copper Gear"
    }
    },
    "parent": "bonomen:utilities",
    "criteria": {
      "boots": {
        "trigger": "minecraft:inventory_changed",
        "conditions": {
          "items": [
            {
              "items": "minecraft:leather_boots",
              "components": {
                "minecraft:custom_data": {"id":"COPPER_BOOTS"}
              }
            }
          ]
        }
      },
      "chestplate": {
        "trigger": "minecraft:inventory_changed",
        "conditions": {
          "items": [
            {
              "items": "minecraft:leather_chestplate",
              "components": {
                "minecraft:custom_data": {"id":"COPPER_CHESTPLATE"}
              }
            }
          ]
        }
      },
      "helmet": {
        "trigger": "minecraft:inventory_changed",
        "conditions": {
          "items": [
            {
              "items": "minecraft:leather_helmet",
              "components": {
                "minecraft:custom_data": {"id":"COPPER_HELMET"}
              }
            }
          ]
        }
      },
      "leggings": {
        "trigger": "minecraft:inventory_changed",
        "conditions": {
          "items": [
            {
              "items": "minecraft:leather_leggings",
              "components": {
                "minecraft:custom_data": {"id":"COPPER_LEGGINGS"}
              }
            }
          ]
        }
      },
      "sword": {
        "trigger": "minecraft:inventory_changed",
        "conditions": {
          "items": [
            {
              "items": "minecraft:wooden_sword",
              "components": {
                "minecraft:custom_data": {"id":"COPPER_SWORD"}
              }
            }
          ]
        }
      },
      "axe": {
        "trigger": "minecraft:inventory_changed",
        "conditions": {
          "items": [
            {
              "items": "minecraft:wooden_axe",
              "components": {
                "minecraft:custom_data": {"id":"COPPER_AXE"}
              }
            }
          ]
        }
      },
      "hoe": {
        "trigger": "minecraft:inventory_changed",
        "conditions": {
          "items": [
            {
              "items": "minecraft:wooden_hoe",
              "components": {
                "minecraft:custom_data": {"id":"COPPER_HOE"}
              }
            }
          ]
        }
      },
      "shovel": {
        "trigger": "minecraft:inventory_changed",
        "conditions": {
          "items": [
            {
              "items": "minecraft:wooden_shovel",
              "components": {
                "minecraft:custom_data": {"id":"COPPER_SHOVEL"}
              }
            }
          ]
        }
      },
      "pickaxe": {
        "trigger": "minecraft:inventory_changed",
        "conditions": {
          "items": [
            {
              "items": "minecraft:wooden_pickaxe",
              "components": {
                "minecraft:custom_data": {"id":"COPPER_PICKAXE"}
              }
            }
          ]
        }
      }
    },
    "requirements": [
      [
        "helmet",
        "chestplate",
        "leggings",
        "boots",
        "sword",
        "axe",
        "hoe",
        "shovel",
        "pickaxe"
      ]
    ]
  }
  