{
    "display": {
      "icon": {
        "id": "minecraft:saddle",
        "components": {
          "minecraft:custom_model_data": 807002
        }
      },
      "title":{
        "translate": "advancements.bonomen.get_paraglider.title",
        "fallback": "Fall Damage Begone!"
    },
    "description": 
    {
        "translate": "advancements.bonomen.get_paraglider.description",
        "fallback": "Craft a Paraglider"
    }
    },
    "parent": "bonomen:utilities",
    "criteria": {
      "requirement": {
        "trigger": "minecraft:impossible"
      }
    }
  }
  