{
    "display": {
      "icon": {
        "id": "minecraft:potion",
        "components": {
          "minecraft:custom_model_data": 807000
        }
      },
      "title":{
        "translate": "advancements.bonomen.get_allay_bottle.title",
        "fallback": "Under New Management"
    },
    "description": 
    {
        "translate": "advancements.bonomen.get_allay_bottle.description",
        "fallback": "Capture an Allay in a Glass Bottle [Sneak + Use Item]"
    }
    },
    "parent": "bonomen:utilities",
    "criteria": {
      "requirement": {
        "trigger": "minecraft:impossible"
      }
    }
  }
  