{
  "display": {
    "icon": {
      "id": "minecraft:recovery_compass"
    },

    "title":{
      "translate": "advancements.bonomen.use_recoverer_compass.title",
      "fallback": "Retribution"
  },
  "description": 
  {
      "translate": "advancements.bonomen.use_recoverer_compass.description",
      "fallback": "Use a Enchanted Recovery Compass to teleport back to your previous death."
  },
    "frame": "task",
    "show_toast": true,
    "announce_to_chat": true,
    "hidden": false
  },
  "parent": "bonomen:utilities",
  "criteria": {
    "recovery": {
      "trigger": "minecraft:impossible"
    }
  },
  "rewards": {}
}
