{
    "display": {
        "title":{
            "translate": "advancements.bonomen.utilities.title",
            "fallback": "Utilities"
        },
        "description": 
        {
            "translate": "advancements.bonomen.utilities.description",
            "fallback": "§5Probably what you have been wanting."
        },
        "icon": {
            "id": "minecraft:glass_bottle"
        },
        "announce_to_chat": false,
        "show_toast": false,
        "frame": "challenge"
    },
    "parent": "bonomen:watermark",
    "criteria": {
        "trigger": {
            "trigger": "minecraft:tick"
        }
    }
}