{
    "display": {
        "title":{
            "translate": "bonomen.name",
            "fallback": "§6Ominous Expansion"
        },
        "description": 
        {
            "translate": "bonomen.description",
            "fallback": "§5A Unique Vanilla Expansion Datapack! - Resource Pack Not Detected"
        },
        "icon": {
            "id": "minecraft:ominous_bottle"
        },
        "announce_to_chat": false,
        "show_toast": false,
        "frame": "goal"
    },
    "parent": "global:-bonbon",
    "criteria": {
        "trigger": {
            "trigger": "minecraft:tick"
        }
    }
    ,
    "rewards": {
      "function": "bonomen:giveplayerid"
    }
}